{"cameraMode":{"drawMode":0,"name":"Shaded","section":"Shading Mode"},"sceneLighting":true,"audioPlay":false,"sceneViewState":{"showFog":true,"showMaterialUpdate":false,"showSkybox":true,"showFlares":true,"showImageEffects":true,"showParticleSystems":true},"in2DMode":false,"pivot":{"x":-0.9479361772537231,"y":-0.13905978202819825,"z":5.294847011566162},"rotation":{"x":-0.1479133516550064,"y":-0.023695610463619233,"z":0.0035445387475192549,"w":-0.9887101054191589},"size":13.253841400146485,"orthographic":false}