{"cameraMode":{"drawMode":0,"name":"Shaded","section":"Shading Mode"},"sceneLighting":true,"audioPlay":false,"sceneViewState":{"showFog":true,"showMaterialUpdate":false,"showSkybox":true,"showFlares":true,"showImageEffects":true,"showParticleSystems":true},"in2DMode":false,"pivot":{"x":-2.349384307861328,"y":3.4388277530670168,"z":-5.435269355773926},"rotation":{"x":0.0479792058467865,"y":0.5011931657791138,"z":-0.027845608070492746,"w":0.8635554909706116},"size":0.27768760919570925,"orthographic":false}