{"cameraMode":{"drawMode":0,"name":"Shaded","section":"Shading Mode"},"sceneLighting":true,"audioPlay":false,"sceneViewState":{"showFog":true,"showMaterialUpdate":false,"showSkybox":true,"showFlares":true,"showImageEffects":true,"showParticleSystems":true},"in2DMode":false,"pivot":{"x":1.542553424835205,"y":2.897507429122925,"z":-4.7775774002075199},"rotation":{"x":0.008803938515484333,"y":0.9588570594787598,"z":0.029916739091277124,"w":-0.2821713984012604},"size":4.207394599914551,"orthographic":false}