{"cameraMode":{"drawMode":0,"name":"Shaded","section":"Shading Mode"},"sceneLighting":true,"audioPlay":false,"sceneViewState":{"showFog":true,"showMaterialUpdate":false,"showSkybox":true,"showFlares":true,"showImageEffects":true,"showParticleSystems":true},"in2DMode":false,"pivot":{"x":-2.381485939025879,"y":3.3275341987609865,"z":-5.454428672790527},"rotation":{"x":0.22924458980560304,"y":0.48523035645484927,"z":-0.13350896537303925,"w":0.8331708908081055},"size":0.27768760919570925,"orthographic":false}